{"cameraMode":{"drawMode":0,"name":"Shaded","section":"Shading Mode"},"sceneLighting":false,"audioPlay":false,"sceneViewState":{"m_AlwaysRefresh":false,"showFog":true,"showSkybox":false,"showFlares":true,"showImageEffects":true,"showParticleSystems":true,"showVisualEffectGraphs":true,"m_FxEnabled":true},"in2DMode":false,"pivot":{"x":1.3951187133789063,"y":6.5494303703308109,"z":-0.8235137462615967},"rotation":{"x":0.07510069757699967,"y":0.6717297434806824,"z":-0.06875649839639664,"w":0.7337559461593628},"size":17.603260040283204,"orthographic":false}