{"cameraMode":{"drawMode":0,"name":"Shaded","section":"Shading Mode"},"sceneLighting":false,"audioPlay":false,"sceneViewState":{"m_AlwaysRefresh":false,"showFog":true,"showSkybox":false,"showFlares":true,"showImageEffects":true,"showParticleSystems":true,"showVisualEffectGraphs":true,"m_FxEnabled":true},"in2DMode":false,"pivot":{"x":-9.500190734863282,"y":2.000040054321289,"z":5.000100135803223},"rotation":{"x":0.007254589349031448,"y":0.9732292294502258,"z":-0.22768117487430573,"w":0.03095724992454052},"size":1.7320507764816285,"orthographic":false}