{"cameraMode":{"drawMode":0,"name":"Shaded","section":"Shading Mode"},"sceneLighting":false,"audioPlay":false,"sceneViewState":{"m_AlwaysRefresh":false,"showFog":true,"showSkybox":true,"showFlares":true,"showImageEffects":true,"showParticleSystems":true,"showVisualEffectGraphs":true,"m_FxEnabled":true},"in2DMode":false,"pivot":{"x":-31.659950256347658,"y":-39.90450668334961,"z":27.940195083618165},"rotation":{"x":0.007612372748553753,"y":-0.8166970014572144,"z":0.5769059062004089,"w":0.010776955634355545},"size":62.77816390991211,"orthographic":false}