{"cameraMode":{"drawMode":0,"name":"Shaded","section":"Shading Mode"},"sceneLighting":false,"audioPlay":false,"sceneViewState":{"m_AlwaysRefresh":false,"showFog":true,"showSkybox":true,"showFlares":true,"showImageEffects":true,"showParticleSystems":true,"showVisualEffectGraphs":true,"m_FxEnabled":true},"in2DMode":false,"pivot":{"x":-36.19574737548828,"y":96.95836639404297,"z":-48.59175109863281},"rotation":{"x":0.3795851469039917,"y":-0.012496056966483593,"z":0.0051114922389388088,"w":0.9250252842903137},"size":2.3613810539245607,"orthographic":false}