{"cameraMode":{"drawMode":0,"name":"Shaded","section":"Shading Mode"},"sceneLighting":false,"audioPlay":false,"sceneViewState":{"m_AlwaysRefresh":false,"showFog":true,"showSkybox":true,"showFlares":true,"showImageEffects":true,"showParticleSystems":true,"showVisualEffectGraphs":true,"m_FxEnabled":true},"in2DMode":false,"pivot":{"x":-35.67184829711914,"y":34.09197235107422,"z":-6.847097396850586},"rotation":{"x":0.35788366198539736,"y":0.00027665874222293496,"z":-0.00010573457257123664,"w":0.9337670803070068},"size":6.987321853637695,"orthographic":false}