{"cameraMode":{"drawMode":0,"name":"Shaded","section":"Shading Mode"},"sceneLighting":false,"audioPlay":false,"sceneViewState":{"m_AlwaysRefresh":false,"showFog":true,"showSkybox":true,"showFlares":true,"showImageEffects":true,"showParticleSystems":true,"showVisualEffectGraphs":true,"m_FxEnabled":true},"in2DMode":false,"pivot":{"x":477.1182556152344,"y":163.79161071777345,"z":676.1466674804688},"rotation":{"x":0.04887368157505989,"y":-0.014981388114392758,"z":0.0007323078461922705,"w":0.9986959099769592},"size":506.0542907714844,"orthographic":false}